[
    {
        "text": "Main Menu",
        "title1": "Echo & Alexa",
        "p1": "All-new Echo Dot (4th Gen)",
        "p2": "Echo Dot (3rd Gen)",
        "p3": "Echo Show 8",
        "p4": "All-new Echo (4th Gen)",
        "p5": "Echo Show 5",
        "p6": "Echo Studio",
        "p7": "All-new Echo Show 10",
        "p8": "See all devices with Alexa",
        "urlp1": "./echo_alexa",
        "urlp2": "./echo_alexa",
        "urlp3": "./echo_alexa",
        "urlp4": "./echo_alexa",
        "urlp5": "./echo_alexa",
        "urlp6": "./echo_alexa",
        "urlp7": "./echo_alexa",
        "urlp8": "./echo_alexa",
        "title2": "Content & Resources",
        "q1": "Meet Alexa",
        "q2": "Alexa Skills",
        "q3": "Alexa App",
        "q4": "Alexa Smart Home",
        "q5": "Amazon Prime Music",
        "urlq1": "./echo_alexa",
        "urlq2": "./echo_alexa",
        "urlq3": "./echo_alexa",
        "urlq4": "./echo_alexa",
        "urlq5": "./echo_alexa"
    },
    {
        "text": "Main Menu",
        "title1": "Fire Tv",
        "p1": "Introducing: Fire TV Stick Lite",
        "p2": "All-new Fire TV Stick (3rd Gen)",
        "p3": "Fire TV Stick 4K",
        "p4": "Fire TV Cube",
        "p5": "Amazon Prime Video",
        "p6": "Fire TV Apps & Games",
        "p7": "See all Fire TV devices",
        "urlp1": "./firelite",
        "urlp2": "./firelite",
        "urlp3": "./firelite",
        "urlp4": "./firelite",
        "urlp5": "./firelite",
        "urlp6": "./firelite",
        "urlp7": "./firelite"
    },
    {
        "text": "Main Menu",
        "title1": "Kindle E-Readers",
        "p1": "All-new Kindle",
        "p2": "All-new Kindle Paperwhite",
        "p3": "Kindle Paperwhite Starter Pack",
        "p4": "All-New Kindle Oasis",
        "p5": "Refurbished & Open Box",
        "p6": "Kindle E-Reader Accessories",
        "p7": "See all Kindle E-readers",
        "urlp1": "./kindle",
        "urlp2": "./kindle",
        "urlp3": "./kindle",
        "urlp4": "./kindle",
        "urlp5": "./kindle",
        "urlp6": "./kindle",
        "urlp7": "./kindle",
        "title2": "Kindle Ebooks",
        "q1": "All Kindle eBooks",
        "q2": "Prime Reading",
        "q3": "Kindle Unlimited",
        "q4": "Deals on Kindle eBooks",
        "q5": "Kindle Exam Central",
        "q6": "Kindle eTextbooks",
        "q7": "eBook Bestsellers",
        "q8": "eBooks in Indian Languages",
        "q9": "Hindi",
        "q10": "Tamil",
        "urlq1": "",
        "urlq2": "",
        "urlq3": "",
        "urlq4": "",
        "urlq5": "",
        "urlq6": "",
        "urlq7": "",
        "urlq8": "",
        "urlq9": "",
        "urlq10": ""
    },
    {
        "text": "Main Menu",
        "title1": "Audible Audiobooks",
        "p1": "Audible Membership",
        "p2": "All Audiobooks",
        "p3": "Best Sellers",
        "p4": "New Releases",
        "p5": "Hindi Audiobooks",
        "urlp1": "./audible",
        "urlp2": "./audible",
        "urlp3": "./audible",
        "urlp4": "./audible",
        "urlp5": "./audible"
    },
    {
        "text": "Main Menu",
        "title1": "Amazon Prime Video",
        "p1": "All Videos",
        "p2": "Moviess",
        "p3": "TV Shows",
        "p4": "Kids Shows",
        "urlp1": "./primeVideo",
        "urlp2": "./primeVideo",
        "urlp3": "./primeVideo",
        "urlp4": "./primeVideo"
    },
    {
        "text": "Main Menu",
        "title1": "Amazon Prime Music",
        "p1": "Amazon Prime Music",
        "p2": "Open web player",
        "p3": "Voice controlled with Alexas",
        "p4": "Amazon Prime Music Apps",
        "p5": "CDs and Vinyls",
        "urlp1": "./primeMusic",
        "urlp2": "./primeMusic",
        "urlp3": "./primeMusic",
        "urlp4": "./primeMusic",
        "urlp5": "./primeMusic"
    },
    {
        "text": "Main Menu",
        "url": "",
        "title1": "Mobiles, Tablets & More",
        "p1": "All Mobile Phones",
        "p2": "All Mobile Accessories",
        "p3": "Cases & Covers",
        "p4": "Screen Protectors",
        "p5": "Power Banks",
        "p6": "Refurbished & Open Box",
        "p7": "Tablets",
        "p8": "Wearable Devices",
        "p9": "Smart Home",
        "p10": "Office Supplies & Stationery",
        "p11": "Software",
        "urlp1": "",
        "urlp2": "",
        "urlp3": "",
        "urlp4": "",
        "urlp5": "",
        "urlp6": "",
        "urlp7": "",
        "urlp8": "",
        "urlp9": "",
        "urlp10": "",
        "urlp11": "",
    
        "title2": "Computers & Accessories",
        "q1": "All Computers & Accessories",
        "q2": "Laptops",
        "q3": "Drives & Storage",
        "q4": "Printers & Ink",
        "q5": "Networking Devices",
        "q6": "Computer Accessories",
        "q7": "Game Zone",
        "q8": "Monitors",
        "q9": "Desktops",
        "q10": "Components",
        "q11": "All Electronics",
        "urlq1": "",
        "urlq2": "",
        "urlq3": "",
        "urlq4": "",
        "urlq5": "",
        "urlq6": "",
        "urlq7": "",
        "urlq8": "",
        "urlq9": "",
        "urlq10": "",
        "urlq11": ""

    },
    {
        "text": "Main Menu",
        "url": "",
        "title1": "Tv, Audio & Cameras",
        "p1": "Televisions",
        "p2": "Home Entertainment Systems",
        "p3": "Headphones",
        "p4": "Speakers",
        "p5": "Home Audio & Theater",
        "p6": "Cameras",
        "p7": "DSLR Cameras",
        "p8": "Security Cameras",
        "p9": "Camera Accessories",
        "p10": "Musical Instruments & Professional Audio",
        "p11": "Gaming Consolese",
        "p12": "All Electronics",
        "urlp1": "",
        "urlp2": "",
        "urlp3": "",
        "urlp4": "",
        "urlp5": "",
        "urlp6": "",
        "urlp7": "",
        "urlp8": "",
        "urlp9": "",
        "urlp10": "",
        "urlp11": "",
        "urlp12": "",
        "title2": "Appliances",
        "q1": "Air Conditioners",
        "q2": "Refrigerators",
        "q3": "Washing Machines",
        "q4": "Kitchen & Home Appliances",
        "q5": "Heating & Cooling Appliances",
        "q6": "All Appliances",
        "urlq1": "",
        "urlq2": "",
        "urlq3": "",
        "urlq4": "",
        "urlq5": "",
        "urlq6": ""
    },
    {
        "text": "Main Menu",
        "url": "",
        "title1": "Men's Clothing",
        "p1": "Clothing",
        "p2": "T-shirts & Polos",
        "p3": "Shirts",
        "p4": "Jeans",
        "p5": "Innerwear",
        "urlp1": "",
        "urlp2": "",
        "urlp3": "",
        "urlp4": "",
        "urlp5": "",
        "title2": "Accessories",
        "q1": "Watches",
        "q2": "Bags & Luggage",
        "q3": "Sunglasses",
        "q4": "Jewellery",
        "q5": "Wallets",
        "urlq1": "",
        "urlq2": "",
        "urlq3": "",
        "urlq4": "",
        "urlq5": "",
        "title3": "Men's Shoes",
        "r1": "Shoes",
        "r2": "Sports Shoes",
        "r3": "Formal Shoes",
        "r4": "Casual Shoes",
        "urlr1": "",
        "urlr2": "",
        "urlr3": "",
        "urlr4": "",
        "title4": "Stores",
        "s1": "Sportswear",
        "s2": "The Designer Boutique",
        "s3": "Men's Fashion",
        "s4": "Amazon Fashion",
        "s5": "Men's Handlooms",
        "s6": "Fashion Sales & Deals",
        "urls1": "",
        "urls2": "",
        "urls3": "",
        "urls4": "",
        "urls5": "",
        "urls6": ""
    },
    {
        "text": "Main Menu",
        "url": "",
        "title1": "Women's Clothing",
        "p1": "Clothing",
        "p2": "Western Wear",
        "p3": "Ethnic Wear",
        "p4": "Lingerie & Nightwear",
        "p5": "Top Brands",
        "urlp1": "",
        "urlp2": "",
        "urlp3": "",
        "urlp4": "",
        "urlp5": "",
        "title2": "Accessories",
        "q1": "Watches",
        "q2": "Handbags & Clutches",
        "q3": "Gold & Diamond Jewellery",
        "q4": "Fashion & Silver Jewellery",
        "q5": "Sunglasses",
        "urlq1": "",
        "urlq2": "",
        "urlq3": "",
        "urlq4": "",
        "urlq5": "",
        "title3": "Women's Shoes",
        "r1": "Shoes",
        "r2": "Fashion Sandals",
        "r3": "Ballerinas",
        "urlr1": "",
        "urlr2": "",
        "urlr3": "",
        "title4": "Stores",
        "s1": "The Designer Boutique",
        "s2": "Handloom & Handicraft Store",
        "s3": "Sportswear",
        "s4": "Women's Fashion",
        "s5": "Amazon Fashion",
        "s6": "Fashion Sales & Deals",
        "urls1": "",
        "urls2": "",
        "urls3": "",
        "urls4": "",
        "urls5": "",
        "urls6": ""
    },
    {
        "text": "Main Menu",
        "url": "",
        "title1": "Home & Kitchen",
        "p1": "Explore Showroom",
        "p2": "Kitche  & Dining",
        "p3": "Kitchen Storage & Container",
        "p4": "Furniture",
        "p5": "Fine Art",
        "p6": "Home Furnishing",
        "p7": "Bedroom Linen",
        "p8": "Home Decor",
        "p9": "Garden & Outdoors",
        "p10": "Home Storage",
        "p11": "Indoor Lighting",
        "p12": "Home Improvement",
        "p13": "Sewing & Craft Supplies",
        "p14": "All Home & Kitchen",
        "p15": "Shop by Room",
        "p16": "Home & Kitchen Deals",
        "urlp1": "",
        "urlp2": "",
        "urlp3": "",
        "urlp4": "",
        "urlp5": "",
        "urlp6": "",
        "urlp7": "",
        "urlp8": "",
        "urlp9": "",
        "urlp10": "",
        "urlp11": "",
        "urlp12": "",
        "urlp13": "",
        "urlp14": "",
        "urlp15": "",
        "urlp16": "",
        "title2": "Pet Supplies",
        "q1": "All Pet Supplies",
        "q2": "Dog Supplies",
        "urlq1": "",
        "urlq2": "",
        "title3": "Home, Kitchen, Pets",
        "r1": "Refurbished & Open Box",
        "urlr1": ""
    },
    {
        "text": "Main Menu",
        "url": "",
        "title1": "Beauty & Health",
        "p1": "Beauty & Groomings",
        "p2": "Luxury Beauty",
        "p3": "Make-up",
        "p4": "Health & Personal Care",
        "p5": "Household Supplies",
        "p6": "Personal Care Appliance",
        "p7": "Diet & Nutrition",
        "p8": "Subscribe & Save",
        "p9": "Value Bazaar",
        "urlp1": "",
        "urlp2": "",
        "urlp3": "",
        "urlp4": "",
        "urlp5": "",
        "urlp6": "",
        "urlp7": "",
        "urlp8": "",
        "urlp9": "",
        "title2": "Grocery & Gourmet Foods",
        "q1": "All Grocery & Gourmet Foods",
        "q2": "Coffee, Tea & Beverages",
        "q3": "Snack Foods",
        "urlq1": "",
        "urlq2": "",
        "urlq3": ""
    },
    {
        "text": "Main Menu",
        "url": "",
        "title1": "Sports & Fitness",
        "p1": "Cricket",
        "p2": "Badminton",
        "p3": "Cycling",
        "p4": "Football",
        "p5": "Running",
        "p6": "Camping & Hiking",
        "p7": "Fitness Accessories",
        "p8": "Yoga",
        "p9": "Strength Training",
        "p10": "Cardio Equipment",
        "p11": "Sports Collectibles",
        "p12": "Refurbished & Open Box",
        "p13": "All Exercise & Fitness",
        "p14": "All Sports, Fitness & Outdoors",
        "urlp1": "",
        "urlp2": "",
        "urlp3": "",
        "urlp4": "",
        "urlp5": "",
        "urlp6": "",
        "urlp7": "",
        "urlp8": "",
        "urlp9": "",
        "urlp10": "",
        "urlp11": "",
        "urlp12": "",
        "urlp13": "",
        "urlp14": "",
        "title2": "Bags & Luggage",
        "q1": "Backpacks",
        "q2": "Rucksacks",
        "q3": "Suitcases & Trolley Bag",
        "q4": "Travel Duffles",
        "q5": "Travel Accessories",
        "q6": "Wallets",
        "urlq1": "",
        "urlq2": "",
        "urlq3": "",
        "urlq4": "",
        "urlq5": "",
        "urlq6": ""
    },
    {
        "text": "Main Menu",
        "url": "",
        "title1": "Toys & Baby Products",
        "p1": "Toys & Games",
        "p2": "Baby Products",
        "p3": "Diapers",
        "p4": "Toys Gifting Store",
        "p5": "STEM Toys Store",
        "p6": "International Toy Store",
        "p7": "Baby Bath, Skin & Grooming",
        "p8": "Strollers & Prams",
        "p9": "Nursing & Feeding",
        "p10": "Subscribe & Save",
        "p11": "Pantry",
        "urlp1": "",
        "urlp2": "",
        "urlp3": "",
        "urlp4": "",
        "urlp5": "",
        "urlp6": "",
        "urlp7": "",
        "urlp8": "",
        "urlp9": "",
        "urlp10": "",
        "urlp11": "",
        "title2": "Amazon Family",
        "q1": "Kids' Fashion",
        "q2": "Kids' Clothing",
        "q3": "Kids' Shoes",
        "q4": "School Bags",
        "q5": "Kids' Watches",
        "q6": "Kids' Fashion",
        "q7": "Baby Fashion",
        "urlq1": "",
        "urlq2": "",
        "urlq3": "",
        "urlq4": "",
        "urlq5": "",
        "urlq6": "",
        "urlq7": ""
    },
    {
        "text": "Main Menu",
        "url": "",
        "title1": "Car & Motorbike",
        "p1": "Motorbike Accessories & Parts",
        "p2": "Car Accessories",
        "p3": "Car Electronics",
        "p4": "Car Parts",
        "p5": "Car & Bike Care",
        "p6": "All Car & Motorbike Products",
        "urlp1": "",
        "urlp2": "",
        "urlp3": "",
        "urlp4": "",
        "urlp5": "",
        "urlp6": "",
        "title2": "Industrial Supplies",
        "q1": "Industrial & Scientific Supplies",
        "q2": "Test, Measure & Inspect",
        "q3": "Lab & Scientific",
        "q4": "Janitorial & Sanitation Supplies",
        "urlq1": "",
        "urlq2": "",
        "urlq3": "",
        "urlq4": ""
    },
    {
        "text": "Main Menu",
        "url": "",
        "title1": "Books",
        "p1": "All Books",
        "p2": "Fiction Books",
        "p3": "Editor's Corner",
        "p4": "School Textbooks",
        "p5": "Children's Books",
        "p6": "Exam Central",
        "p7": "Textbooks",
        "p8": "Indian Language Books",
        "p9": "Kindle eBooks",
        "urlp1": "",
        "urlp2": "",
        "urlp3": "",
        "urlp4": "",
        "urlp5": "",
        "urlp6": "",
        "urlp7": "",
        "urlp8": "",
        "urlp9": "",
        "title2": "Audible Audiobooks",
        "q1": "Audible Audiobooks & more",
        "q2": "Audible Membership",
        "urlq1": "",
        "urlq2": ""
    },
    {
        "text": "Main Menu",
        "url": "",
        "title1": "Movies & Tv Shows",
        "p1": "All Movies & TV Shows",
        "p2": "Blu-ray",
        "p3": "All English",
        "p4": "All Hindi",
        "p5": "Entertainment Collectibles",
        "urlp1": "",
        "urlp2": "",
        "urlp3": "",
        "urlp4": "",
        "urlp5": "",
        "title2": "Video Games",
        "q1": "Gaming Consoles",
        "q2": "Latest Video Games",
        "q3": "Gaming Accessories",
        "q4": "PC Games",
        "q5": "Video Games Deals",
        "q6": "All Video Games",
        "urlq1": "",
        "urlq2": "",
        "urlq3": "",
        "urlq4": "",
        "urlq5": "",
        "urlq6": "",
        "title3": "Music",
        "r1": "All Music",
        "r2": "International Music",
        "r3": "Film Songs",
        "r4": "Indian Classical",
        "r5": "Musical Instruments & Professional Audio",
        "urlr1": "",
        "urlr2": "",
        "urlr3": "",
        "urlr4": "",
        "urlr5": "",
        "title4": "Stream Music",
        "s1": "Open web player",
        "s2": "Amazon Prime Music",
        "urls1": "",
        "urls2": ""
    },
    {
        "text": "Main Menu",
        "url": "",
        "title1": "Gift Cards",
        "p1": "All Gift Cards",
        "p2": "Popular Gift Cards",
        "p3": "Gift Boxes, Gift Tags, Greeting Cards",
        "p4": "Popular Brand Gift Vouchers",
        "p5": "Birthday Gift Cards",
        "p6": "Wedding & Anniversary",
        "p7": "Best Wishes & Thank You",
        "p8": "Corporate Gift Cards",
        "urlp1": "",
        "urlp2": "",
        "urlp3": "",
        "urlp4": "",
        "urlp5": "",
        "urlp6": "",
        "urlp7": "",
        "urlp8": "",
        "title2": "Recharges",
        "q1": "Mobile Recharges",
        "urlq1": ""
    }
]